,0,offset,coverage,strand
0,1491826,0,1491826,forward
1,1492115,1,1492115,forward
2,1491476,2,1491476,forward
3,1489583,3,1489583,forward
4,1489401,4,1489401,forward
5,1488730,5,1488730,forward
6,1487127,6,1487127,forward
7,1488032,7,1488032,forward
8,1487261,8,1487261,forward
9,1487609,9,1487609,forward
10,1487325,10,1487325,forward
11,1486957,11,1486957,forward
12,1485747,12,1485747,forward
13,1482880,13,1482880,forward
14,1480224,14,1480224,forward
15,1477921,15,1477921,forward
16,1475284,16,1475284,forward
17,1471948,17,1471948,forward
18,1469363,18,1469363,forward
19,1465757,19,1465757,forward
20,1462152,20,1462152,forward
21,1458389,21,1458389,forward
22,1452551,22,1452551,forward
23,1445885,23,1445885,forward
24,1440721,24,1440721,forward
25,1434020,25,1434020,forward
26,1430370,26,1430370,forward
27,1426226,27,1426226,forward
28,1421177,28,1421177,forward
29,1416520,29,1416520,forward
30,1412287,30,1412287,forward
31,1408570,31,1408570,forward
32,1404762,32,1404762,forward
33,1401696,33,1401696,forward
34,1398426,34,1398426,forward
35,1396571,35,1396571,forward
36,1394239,36,1394239,forward
37,1392742,37,1392742,forward
38,1391794,38,1391794,forward
39,1389454,39,1389454,forward
40,1388732,40,1388732,forward
41,1388222,41,1388222,forward
42,1387375,42,1387375,forward
43,1388205,43,1388205,forward
44,1387887,44,1387887,forward
45,1387702,45,1387702,forward
46,1385914,46,1385914,forward
47,1386777,47,1386777,forward
48,1387107,48,1387107,forward
49,1387547,49,1387547,forward
50,1388309,50,1388309,forward
51,1389517,51,1389517,forward
52,1389169,52,1389169,forward
53,1389793,53,1389793,forward
54,1389297,54,1389297,forward
55,1389246,55,1389246,forward
56,1388877,56,1388877,forward
57,1389851,57,1389851,forward
58,1390550,58,1390550,forward
59,1392584,59,1392584,forward
60,1392286,60,1392286,forward
61,1392896,61,1392896,forward
62,1391837,62,1391837,forward
63,1391317,63,1391317,forward
64,1391881,64,1391881,forward
65,1391799,65,1391799,forward
66,1392386,66,1392386,forward
67,1392052,67,1392052,forward
68,1392358,68,1392358,forward
69,1393015,69,1393015,forward
70,1392071,70,1392071,forward
71,1392529,71,1392529,forward
72,1391889,72,1391889,forward
73,1392211,73,1392211,forward
74,1393889,74,1393889,forward
75,1394564,75,1394564,forward
76,1394195,76,1394195,forward
77,1393904,77,1393904,forward
78,1393675,78,1393675,forward
79,1393127,79,1393127,forward
80,1392793,80,1392793,forward
81,1392922,81,1392922,forward
82,1392904,82,1392904,forward
83,1392288,83,1392288,forward
84,1391860,84,1391860,forward
85,1391220,85,1391220,forward
86,1389125,86,1389125,forward
87,1388100,87,1388100,forward
88,1387582,88,1387582,forward
89,1387175,89,1387175,forward
90,1387025,90,1387025,forward
91,1386246,91,1386246,forward
92,1386929,92,1386929,forward
93,1385219,93,1385219,forward
94,1384978,94,1384978,forward
95,1384051,95,1384051,forward
96,1384203,96,1384203,forward
97,1383354,97,1383354,forward
98,1382676,98,1382676,forward
99,1382600,99,1382600,forward
100,1381689,100,1381689,forward
101,1379724,101,1379724,forward
102,1379185,102,1379185,forward
103,1379455,103,1379455,forward
104,1378596,104,1378596,forward
105,1378315,105,1378315,forward
106,1379105,106,1379105,forward
107,1379852,107,1379852,forward
108,1379571,108,1379571,forward
109,1378443,109,1378443,forward
110,1377111,110,1377111,forward
111,1377799,111,1377799,forward
112,1377176,112,1377176,forward
113,1376129,113,1376129,forward
114,1375759,114,1375759,forward
115,1372446,115,1372446,forward
116,1372343,116,1372343,forward
117,1371850,117,1371850,forward
118,1370014,118,1370014,forward
119,1369634,119,1369634,forward
120,1369745,120,1369745,forward
121,1369798,121,1369798,forward
122,1369145,122,1369145,forward
123,1369061,123,1369061,forward
124,1367921,124,1367921,forward
125,1369846,125,1369846,forward
126,1370041,126,1370041,forward
127,1369892,127,1369892,forward
128,1370144,128,1370144,forward
129,1369042,129,1369042,forward
130,1367980,130,1367980,forward
131,1367963,131,1367963,forward
132,1368392,132,1368392,forward
133,1367400,133,1367400,forward
134,1366771,134,1366771,forward
135,1365814,135,1365814,forward
136,1365825,136,1365825,forward
137,1365801,137,1365801,forward
138,1364431,138,1364431,forward
139,1362961,139,1362961,forward
140,1360596,140,1360596,forward
141,1359026,141,1359026,forward
142,1357678,142,1357678,forward
143,1356500,143,1356500,forward
144,1354823,144,1354823,forward
145,1354454,145,1354454,forward
146,1352345,146,1352345,forward
147,1350725,147,1350725,forward
148,1349948,148,1349948,forward
149,1349635,149,1349635,forward
150,1349834,150,1349834,forward
151,1349836,151,1349836,forward
152,1349049,152,1349049,forward
153,1348821,153,1348821,forward
154,1348322,154,1348322,forward
155,1346778,155,1346778,forward
156,1345830,156,1345830,forward
157,1345710,157,1345710,forward
158,1345082,158,1345082,forward
159,1343834,159,1343834,forward
160,1343474,160,1343474,forward
161,1339892,161,1339892,forward
162,1339352,162,1339352,forward
163,1338127,163,1338127,forward
164,1337213,164,1337213,forward
165,1335281,165,1335281,forward
166,1333949,166,1333949,forward
167,1331703,167,1331703,forward
168,1330437,168,1330437,forward
169,1328656,169,1328656,forward
170,1326420,170,1326420,forward
171,1325752,171,1325752,forward
172,1324300,172,1324300,forward
173,1321798,173,1321798,forward
174,1321069,174,1321069,forward
175,1320203,175,1320203,forward
176,1319323,176,1319323,forward
177,1317905,177,1317905,forward
178,1316981,178,1316981,forward
179,1316090,179,1316090,forward
180,1314421,180,1314421,forward
181,1313190,181,1313190,forward
182,1310735,182,1310735,forward
183,1309868,183,1309868,forward
184,1307667,184,1307667,forward
185,1306307,185,1306307,forward
186,1304590,186,1304590,forward
187,1302723,187,1302723,forward
188,1299949,188,1299949,forward
189,1299376,189,1299376,forward
190,1297066,190,1297066,forward
191,1294400,191,1294400,forward
192,1292621,192,1292621,forward
193,1290653,193,1290653,forward
194,1288397,194,1288397,forward
195,1285216,195,1285216,forward
196,1283613,196,1283613,forward
197,1281992,197,1281992,forward
198,1279151,198,1279151,forward
199,1276669,199,1276669,forward
200,1274884,200,1274884,forward
201,1274181,201,1274181,forward
202,1272779,202,1272779,forward
203,1271045,203,1271045,forward
204,1268838,204,1268838,forward
205,1267766,205,1267766,forward
206,1265721,206,1265721,forward
207,1263107,207,1263107,forward
208,1260956,208,1260956,forward
209,1259749,209,1259749,forward
210,1258093,210,1258093,forward
211,1257311,211,1257311,forward
212,1254628,212,1254628,forward
213,1252693,213,1252693,forward
214,1251037,214,1251037,forward
215,1248954,215,1248954,forward
216,1247189,216,1247189,forward
217,1245763,217,1245763,forward
218,1243518,218,1243518,forward
219,1241588,219,1241588,forward
220,1239569,220,1239569,forward
221,1237433,221,1237433,forward
222,1237120,222,1237120,forward
223,1235289,223,1235289,forward
224,1234059,224,1234059,forward
225,1232758,225,1232758,forward
226,1230748,226,1230748,forward
227,1229250,227,1229250,forward
228,1227890,228,1227890,forward
229,1226503,229,1226503,forward
230,1225256,230,1225256,forward
231,1223636,231,1223636,forward
232,1221750,232,1221750,forward
233,1219999,233,1219999,forward
234,1218390,234,1218390,forward
235,1217250,235,1217250,forward
236,1215598,236,1215598,forward
237,1214416,237,1214416,forward
238,1211561,238,1211561,forward
239,1209250,239,1209250,forward
240,1206901,240,1206901,forward
241,1204319,241,1204319,forward
242,1203504,242,1203504,forward
243,1201239,243,1201239,forward
244,1200673,244,1200673,forward
245,1198097,245,1198097,forward
246,1195435,246,1195435,forward
247,1193305,247,1193305,forward
248,1191229,248,1191229,forward
249,1188403,249,1188403,forward
250,1186581,250,1186581,forward
251,1183850,251,1183850,forward
252,1180618,252,1180618,forward
253,1179658,253,1179658,forward
254,1177981,254,1177981,forward
255,1177173,255,1177173,forward
256,1175496,256,1175496,forward
257,1172924,257,1172924,forward
258,1171347,258,1171347,forward
259,1170021,259,1170021,forward
260,1167538,260,1167538,forward
261,1165850,261,1165850,forward
262,1164624,262,1164624,forward
263,1163186,263,1163186,forward
264,1160804,264,1160804,forward
265,1159831,265,1159831,forward
266,1157958,266,1157958,forward
267,1156773,267,1156773,forward
268,1155156,268,1155156,forward
269,1153787,269,1153787,forward
270,1151345,270,1151345,forward
271,1148485,271,1148485,forward
272,1146458,272,1146458,forward
273,1145818,273,1145818,forward
274,1146086,274,1146086,forward
275,1144107,275,1144107,forward
276,1142528,276,1142528,forward
277,1140456,277,1140456,forward
278,1138580,278,1138580,forward
279,1137815,279,1137815,forward
280,1135768,280,1135768,forward
281,1134864,281,1134864,forward
282,1133695,282,1133695,forward
283,1133487,283,1133487,forward
284,1132675,284,1132675,forward
285,1132114,285,1132114,forward
286,1130743,286,1130743,forward
287,1130597,287,1130597,forward
288,1129241,288,1129241,forward
289,1127599,289,1127599,forward
290,1126195,290,1126195,forward
291,1124078,291,1124078,forward
292,1122308,292,1122308,forward
293,1120756,293,1120756,forward
294,1119435,294,1119435,forward
295,1117188,295,1117188,forward
296,1115444,296,1115444,forward
297,1113971,297,1113971,forward
298,1113198,298,1113198,forward
299,1111775,299,1111775,forward
300,1109893,300,1109893,forward
301,1108499,301,1108499,forward
302,1107352,302,1107352,forward
303,1107006,303,1107006,forward
304,1105622,304,1105622,forward
305,1105177,305,1105177,forward
306,1105499,306,1105499,forward
307,1104341,307,1104341,forward
308,1103553,308,1103553,forward
309,1101675,309,1101675,forward
310,1101479,310,1101479,forward
311,1100665,311,1100665,forward
312,1100147,312,1100147,forward
313,1099929,313,1099929,forward
314,1099348,314,1099348,forward
315,1097415,315,1097415,forward
316,1096827,316,1096827,forward
317,1095314,317,1095314,forward
318,1095104,318,1095104,forward
319,1094165,319,1094165,forward
320,1092655,320,1092655,forward
321,1091447,321,1091447,forward
322,1090654,322,1090654,forward
323,1089466,323,1089466,forward
324,1088608,324,1088608,forward
325,1087781,325,1087781,forward
326,1087235,326,1087235,forward
327,1086872,327,1086872,forward
328,1085694,328,1085694,forward
329,1085518,329,1085518,forward
330,1084955,330,1084955,forward
331,1085449,331,1085449,forward
332,1085225,332,1085225,forward
333,1084578,333,1084578,forward
334,1084067,334,1084067,forward
335,1084066,335,1084066,forward
336,1083530,336,1083530,forward
337,1082373,337,1082373,forward
338,1080663,338,1080663,forward
339,1080054,339,1080054,forward
340,1079579,340,1079579,forward
341,1077643,341,1077643,forward
342,1076793,342,1076793,forward
343,1075072,343,1075072,forward
344,1073578,344,1073578,forward
345,1072312,345,1072312,forward
346,1070817,346,1070817,forward
347,1070001,347,1070001,forward
348,1067954,348,1067954,forward
349,1067577,349,1067577,forward
350,1066979,350,1066979,forward
351,1066002,351,1066002,forward
352,1064988,352,1064988,forward
353,1063881,353,1063881,forward
354,1063143,354,1063143,forward
355,1062317,355,1062317,forward
356,1060407,356,1060407,forward
357,1059669,357,1059669,forward
358,1058435,358,1058435,forward
359,1057209,359,1057209,forward
360,1056063,360,1056063,forward
361,1054153,361,1054153,forward
362,1053048,362,1053048,forward
363,1051454,363,1051454,forward
364,1050018,364,1050018,forward
365,1049239,365,1049239,forward
366,1047569,366,1047569,forward
367,1045071,367,1045071,forward
368,1043724,368,1043724,forward
369,1042869,369,1042869,forward
370,1041177,370,1041177,forward
371,1040461,371,1040461,forward
372,1039036,372,1039036,forward
373,1038108,373,1038108,forward
374,1037266,374,1037266,forward
375,1035541,375,1035541,forward
376,1034520,376,1034520,forward
377,1032827,377,1032827,forward
378,1032967,378,1032967,forward
379,1032454,379,1032454,forward
380,1032951,380,1032951,forward
381,1031891,381,1031891,forward
382,1031548,382,1031548,forward
383,1030449,383,1030449,forward
384,1029355,384,1029355,forward
385,1027911,385,1027911,forward
386,1027823,386,1027823,forward
387,1026200,387,1026200,forward
388,1025438,388,1025438,forward
389,1023973,389,1023973,forward
390,1022731,390,1022731,forward
391,1022466,391,1022466,forward
392,1022412,392,1022412,forward
393,1022383,393,1022383,forward
394,1021114,394,1021114,forward
395,1020584,395,1020584,forward
396,1020652,396,1020652,forward
397,1019508,397,1019508,forward
398,1019649,398,1019649,forward
399,1020135,399,1020135,forward
400,1019026,400,1019026,forward
401,1018077,401,1018077,forward
402,1018510,402,1018510,forward
403,1017853,403,1017853,forward
404,1017585,404,1017585,forward
405,1016239,405,1016239,forward
406,1015743,406,1015743,forward
407,1015087,407,1015087,forward
408,1014804,408,1014804,forward
409,1013877,409,1013877,forward
410,1012330,410,1012330,forward
411,1012061,411,1012061,forward
412,1010531,412,1010531,forward
413,1009261,413,1009261,forward
414,1007899,414,1007899,forward
415,1006797,415,1006797,forward
416,1005875,416,1005875,forward
417,1005499,417,1005499,forward
418,1004074,418,1004074,forward
419,1003899,419,1003899,forward
420,1003450,420,1003450,forward
421,1002223,421,1002223,forward
422,1001023,422,1001023,forward
423,1000030,423,1000030,forward
424,998328,424,998328,forward
425,997377,425,997377,forward
426,996024,426,996024,forward
427,994306,427,994306,forward
428,993258,428,993258,forward
429,993042,429,993042,forward
430,992801,430,992801,forward
431,990976,431,990976,forward
432,990876,432,990876,forward
433,990276,433,990276,forward
434,989157,434,989157,forward
435,988581,435,988581,forward
436,988575,436,988575,forward
437,987398,437,987398,forward
438,986707,438,986707,forward
439,985588,439,985588,forward
440,985262,440,985262,forward
441,985398,441,985398,forward
442,985215,442,985215,forward
443,984357,443,984357,forward
444,983273,444,983273,forward
445,983064,445,983064,forward
446,984451,446,984451,forward
447,984743,447,984743,forward
448,984093,448,984093,forward
449,983596,449,983596,forward
450,983893,450,983893,forward
451,983839,451,983839,forward
452,983970,452,983970,forward
453,983692,453,983692,forward
454,984498,454,984498,forward
455,984408,455,984408,forward
456,984185,456,984185,forward
457,984516,457,984516,forward
458,985500,458,985500,forward
459,984964,459,984964,forward
460,985927,460,985927,forward
461,986065,461,986065,forward
462,986326,462,986326,forward
463,985773,463,985773,forward
464,985451,464,985451,forward
465,984518,465,984518,forward
466,983877,466,983877,forward
467,983080,467,983080,forward
468,982087,468,982087,forward
469,981628,469,981628,forward
470,980475,470,980475,forward
471,979330,471,979330,forward
472,979298,472,979298,forward
473,979155,473,979155,forward
474,979193,474,979193,forward
475,978876,475,978876,forward
476,978748,476,978748,forward
477,978151,477,978151,forward
478,977372,478,977372,forward
479,977778,479,977778,forward
480,978062,480,978062,forward
481,977098,481,977098,forward
482,976047,482,976047,forward
483,975185,483,975185,forward
484,975554,484,975554,forward
485,976077,485,976077,forward
486,975804,486,975804,forward
487,975005,487,975005,forward
488,974527,488,974527,forward
489,973429,489,973429,forward
490,973044,490,973044,forward
491,972072,491,972072,forward
492,972518,492,972518,forward
493,972110,493,972110,forward
494,972246,494,972246,forward
495,972214,495,972214,forward
496,971920,496,971920,forward
497,972014,497,972014,forward
498,972320,498,972320,forward
499,972283,499,972283,forward
-1,1491974,-1,1491974,forward
-499,996212,-499,996212,forward
-498,995533,-498,995533,forward
-497,995254,-497,995254,forward
-496,995371,-496,995371,forward
-495,995706,-495,995706,forward
-494,995786,-494,995786,forward
-493,996189,-493,996189,forward
-492,995620,-492,995620,forward
-491,995263,-491,995263,forward
-490,995573,-490,995573,forward
-489,995893,-489,995893,forward
-488,996682,-488,996682,forward
-487,996036,-487,996036,forward
-486,995984,-486,995984,forward
-485,996723,-485,996723,forward
-484,996304,-484,996304,forward
-483,996640,-483,996640,forward
-482,997094,-482,997094,forward
-481,996760,-481,996760,forward
-480,997223,-480,997223,forward
-479,996703,-479,996703,forward
-478,997068,-478,997068,forward
-477,997350,-477,997350,forward
-476,997812,-476,997812,forward
-475,998183,-475,998183,forward
-474,999131,-474,999131,forward
-473,999834,-473,999834,forward
-472,1000354,-472,1000354,forward
-471,1000639,-471,1000639,forward
-470,1001087,-470,1001087,forward
-469,1001706,-469,1001706,forward
-468,1002119,-468,1002119,forward
-467,1002074,-467,1002074,forward
-466,1002537,-466,1002537,forward
-465,1002772,-465,1002772,forward
-464,1003718,-464,1003718,forward
-463,1004178,-463,1004178,forward
-462,1005500,-462,1005500,forward
-461,1006732,-461,1006732,forward
-460,1006963,-460,1006963,forward
-459,1006900,-459,1006900,forward
-458,1007198,-458,1007198,forward
-457,1008585,-457,1008585,forward
-456,1010325,-456,1010325,forward
-455,1010905,-455,1010905,forward
-454,1010083,-454,1010083,forward
-453,1010111,-453,1010111,forward
-452,1010973,-452,1010973,forward
-451,1012297,-451,1012297,forward
-450,1013500,-450,1013500,forward
-449,1013428,-449,1013428,forward
-448,1013805,-448,1013805,forward
-447,1014382,-447,1014382,forward
-446,1015635,-446,1015635,forward
-445,1016712,-445,1016712,forward
-444,1018120,-444,1018120,forward
-443,1018648,-443,1018648,forward
-442,1019364,-442,1019364,forward
-441,1019909,-441,1019909,forward
-440,1021159,-440,1021159,forward
-439,1022739,-439,1022739,forward
-438,1024348,-438,1024348,forward
-437,1023933,-437,1023933,forward
-436,1024688,-436,1024688,forward
-435,1024966,-435,1024966,forward
-434,1026037,-434,1026037,forward
-433,1025937,-433,1025937,forward
-432,1027508,-432,1027508,forward
-431,1027523,-431,1027523,forward
-430,1029149,-430,1029149,forward
-429,1029405,-429,1029405,forward
-428,1030272,-428,1030272,forward
-427,1030709,-427,1030709,forward
-426,1030701,-426,1030701,forward
-425,1030359,-425,1030359,forward
-424,1030158,-424,1030158,forward
-423,1030510,-423,1030510,forward
-422,1029870,-422,1029870,forward
-421,1029312,-421,1029312,forward
-420,1028970,-420,1028970,forward
-419,1029325,-419,1029325,forward
-418,1030337,-418,1030337,forward
-417,1030279,-417,1030279,forward
-416,1029829,-416,1029829,forward
-415,1029994,-415,1029994,forward
-414,1030235,-414,1030235,forward
-413,1031564,-413,1031564,forward
-412,1032534,-412,1032534,forward
-411,1034009,-411,1034009,forward
-410,1034184,-410,1034184,forward
-409,1035114,-409,1035114,forward
-408,1035625,-408,1035625,forward
-407,1036267,-407,1036267,forward
-406,1036607,-406,1036607,forward
-405,1036675,-405,1036675,forward
-404,1036232,-404,1036232,forward
-403,1036422,-403,1036422,forward
-402,1036003,-402,1036003,forward
-401,1037091,-401,1037091,forward
-400,1036113,-400,1036113,forward
-399,1036622,-399,1036622,forward
-398,1037958,-398,1037958,forward
-397,1038917,-397,1038917,forward
-396,1038727,-396,1038727,forward
-395,1038736,-395,1038736,forward
-394,1038705,-394,1038705,forward
-393,1038899,-393,1038899,forward
-392,1039114,-392,1039114,forward
-391,1039740,-391,1039740,forward
-390,1040837,-390,1040837,forward
-389,1041403,-389,1041403,forward
-388,1041988,-388,1041988,forward
-387,1042567,-387,1042567,forward
-386,1043478,-386,1043478,forward
-385,1044878,-385,1044878,forward
-384,1045106,-384,1045106,forward
-383,1046327,-383,1046327,forward
-382,1046500,-382,1046500,forward
-381,1047360,-381,1047360,forward
-380,1047310,-380,1047310,forward
-379,1048352,-379,1048352,forward
-378,1048035,-378,1048035,forward
-377,1047944,-377,1047944,forward
-376,1047218,-376,1047218,forward
-375,1046772,-375,1046772,forward
-374,1045823,-374,1045823,forward
-373,1045024,-373,1045024,forward
-372,1045056,-372,1045056,forward
-371,1045745,-371,1045745,forward
-370,1046190,-370,1046190,forward
-369,1045567,-369,1045567,forward
-368,1045570,-368,1045570,forward
-367,1045049,-367,1045049,forward
-366,1044465,-366,1044465,forward
-365,1045316,-365,1045316,forward
-364,1046211,-364,1046211,forward
-363,1045700,-363,1045700,forward
-362,1045154,-362,1045154,forward
-361,1044356,-361,1044356,forward
-360,1044540,-360,1044540,forward
-359,1044486,-359,1044486,forward
-358,1045055,-358,1045055,forward
-357,1044057,-357,1044057,forward
-356,1043931,-356,1043931,forward
-355,1044365,-355,1044365,forward
-354,1044075,-354,1044075,forward
-353,1044398,-353,1044398,forward
-352,1045112,-352,1045112,forward
-351,1044586,-351,1044586,forward
-350,1044256,-350,1044256,forward
-349,1044023,-349,1044023,forward
-348,1043066,-348,1043066,forward
-347,1042890,-347,1042890,forward
-346,1042341,-346,1042341,forward
-345,1042654,-345,1042654,forward
-344,1041947,-344,1041947,forward
-343,1041882,-343,1041882,forward
-342,1041524,-342,1041524,forward
-341,1041335,-341,1041335,forward
-340,1041439,-340,1041439,forward
-339,1041121,-339,1041121,forward
-338,1041967,-338,1041967,forward
-337,1041630,-337,1041630,forward
-336,1042426,-336,1042426,forward
-335,1041657,-335,1041657,forward
-334,1042268,-334,1042268,forward
-333,1042474,-333,1042474,forward
-332,1043077,-332,1043077,forward
-331,1043513,-331,1043513,forward
-330,1043284,-330,1043284,forward
-329,1043043,-329,1043043,forward
-328,1043657,-328,1043657,forward
-327,1044392,-327,1044392,forward
-326,1046450,-326,1046450,forward
-325,1046894,-325,1046894,forward
-324,1047653,-324,1047653,forward
-323,1048791,-323,1048791,forward
-322,1050447,-322,1050447,forward
-321,1050883,-321,1050883,forward
-320,1051695,-320,1051695,forward
-319,1052225,-319,1052225,forward
-318,1051997,-318,1051997,forward
-317,1051797,-317,1051797,forward
-316,1052949,-316,1052949,forward
-315,1054548,-315,1054548,forward
-314,1054783,-314,1054783,forward
-313,1055893,-313,1055893,forward
-312,1056296,-312,1056296,forward
-311,1057123,-311,1057123,forward
-310,1058068,-310,1058068,forward
-309,1058676,-309,1058676,forward
-308,1059427,-308,1059427,forward
-307,1060637,-307,1060637,forward
-306,1061426,-306,1061426,forward
-305,1062905,-305,1062905,forward
-304,1064535,-304,1064535,forward
-303,1064835,-303,1064835,forward
-302,1065737,-302,1065737,forward
-301,1066630,-301,1066630,forward
-300,1067887,-300,1067887,forward
-299,1068433,-299,1068433,forward
-298,1069028,-298,1069028,forward
-297,1069853,-297,1069853,forward
-296,1070747,-296,1070747,forward
-295,1071563,-295,1071563,forward
-294,1071906,-294,1071906,forward
-293,1072180,-293,1072180,forward
-292,1071939,-292,1071939,forward
-291,1071984,-291,1071984,forward
-290,1072211,-290,1072211,forward
-289,1072917,-289,1072917,forward
-288,1073248,-288,1073248,forward
-287,1074435,-287,1074435,forward
-286,1075270,-286,1075270,forward
-285,1075753,-285,1075753,forward
-284,1076427,-284,1076427,forward
-283,1076903,-283,1076903,forward
-282,1077970,-282,1077970,forward
-281,1078541,-281,1078541,forward
-280,1078848,-280,1078848,forward
-279,1079063,-279,1079063,forward
-278,1078769,-278,1078769,forward
-277,1079539,-277,1079539,forward
-276,1080364,-276,1080364,forward
-275,1080596,-275,1080596,forward
-274,1081417,-274,1081417,forward
-273,1082010,-273,1082010,forward
-272,1082621,-272,1082621,forward
-271,1084051,-271,1084051,forward
-270,1085028,-270,1085028,forward
-269,1085667,-269,1085667,forward
-268,1085839,-268,1085839,forward
-267,1086981,-267,1086981,forward
-266,1087339,-266,1087339,forward
-265,1088643,-265,1088643,forward
-264,1088781,-264,1088781,forward
-263,1090424,-263,1090424,forward
-262,1091627,-262,1091627,forward
-261,1093108,-261,1093108,forward
-260,1094322,-260,1094322,forward
-259,1096089,-259,1096089,forward
-258,1097702,-258,1097702,forward
-257,1097927,-257,1097927,forward
-256,1099277,-256,1099277,forward
-255,1099534,-255,1099534,forward
-254,1100376,-254,1100376,forward
-253,1101988,-253,1101988,forward
-252,1102266,-252,1102266,forward
-251,1102169,-251,1102169,forward
-250,1102764,-250,1102764,forward
-249,1102242,-249,1102242,forward
-248,1103684,-248,1103684,forward
-247,1103780,-247,1103780,forward
-246,1104999,-246,1104999,forward
-245,1106380,-245,1106380,forward
-244,1105966,-244,1105966,forward
-243,1107136,-243,1107136,forward
-242,1108743,-242,1108743,forward
-241,1110163,-241,1110163,forward
-240,1110079,-240,1110079,forward
-239,1110969,-239,1110969,forward
-238,1112187,-238,1112187,forward
-237,1112947,-237,1112947,forward
-236,1113385,-236,1113385,forward
-235,1113669,-235,1113669,forward
-234,1114201,-234,1114201,forward
-233,1114530,-233,1114530,forward
-232,1115549,-232,1115549,forward
-231,1116362,-231,1116362,forward
-230,1117090,-230,1117090,forward
-229,1118894,-229,1118894,forward
-228,1119651,-228,1119651,forward
-227,1120145,-227,1120145,forward
-226,1120711,-226,1120711,forward
-225,1120733,-225,1120733,forward
-224,1121463,-224,1121463,forward
-223,1121470,-223,1121470,forward
-222,1122731,-222,1122731,forward
-221,1124407,-221,1124407,forward
-220,1126044,-220,1126044,forward
-219,1128085,-219,1128085,forward
-218,1128542,-218,1128542,forward
-217,1128867,-217,1128867,forward
-216,1130277,-216,1130277,forward
-215,1131721,-215,1131721,forward
-214,1133081,-214,1133081,forward
-213,1134767,-213,1134767,forward
-212,1135735,-212,1135735,forward
-211,1136673,-211,1136673,forward
-210,1137622,-210,1137622,forward
-209,1139446,-209,1139446,forward
-208,1140470,-208,1140470,forward
-207,1141032,-207,1141032,forward
-206,1141445,-206,1141445,forward
-205,1143380,-205,1143380,forward
-204,1144844,-204,1144844,forward
-203,1145582,-203,1145582,forward
-202,1146378,-202,1146378,forward
-201,1148023,-201,1148023,forward
-200,1149881,-200,1149881,forward
-199,1151276,-199,1151276,forward
-198,1152533,-198,1152533,forward
-197,1153747,-197,1153747,forward
-196,1155895,-196,1155895,forward
-195,1157018,-195,1157018,forward
-194,1157933,-194,1157933,forward
-193,1158724,-193,1158724,forward
-192,1160673,-192,1160673,forward
-191,1161349,-191,1161349,forward
-190,1162950,-190,1162950,forward
-189,1164393,-189,1164393,forward
-188,1167195,-188,1167195,forward
-187,1167451,-187,1167451,forward
-186,1169560,-186,1169560,forward
-185,1170920,-185,1170920,forward
-184,1172418,-184,1172418,forward
-183,1172985,-183,1172985,forward
-182,1174847,-182,1174847,forward
-181,1176638,-181,1176638,forward
-180,1177830,-180,1177830,forward
-179,1178258,-179,1178258,forward
-178,1179405,-178,1179405,forward
-177,1180231,-177,1180231,forward
-176,1181048,-176,1181048,forward
-175,1183578,-175,1183578,forward
-174,1185269,-174,1185269,forward
-173,1186941,-173,1186941,forward
-172,1189034,-172,1189034,forward
-171,1190393,-171,1190393,forward
-170,1192207,-170,1192207,forward
-169,1193969,-169,1193969,forward
-168,1195360,-168,1195360,forward
-167,1197786,-167,1197786,forward
-166,1197841,-166,1197841,forward
-165,1198851,-165,1198851,forward
-164,1200880,-164,1200880,forward
-163,1200741,-163,1200741,forward
-162,1202459,-162,1202459,forward
-161,1203735,-161,1203735,forward
-160,1205968,-160,1205968,forward
-159,1207041,-159,1207041,forward
-158,1207421,-158,1207421,forward
-157,1208001,-157,1208001,forward
-156,1210030,-156,1210030,forward
-155,1210160,-155,1210160,forward
-154,1211416,-154,1211416,forward
-153,1211674,-153,1211674,forward
-152,1212195,-152,1212195,forward
-151,1212902,-151,1212902,forward
-150,1212930,-150,1212930,forward
-149,1212991,-149,1212991,forward
-148,1213866,-148,1213866,forward
-147,1215224,-147,1215224,forward
-146,1214084,-146,1214084,forward
-145,1216268,-145,1216268,forward
-144,1217305,-144,1217305,forward
-143,1218246,-143,1218246,forward
-142,1219678,-142,1219678,forward
-141,1221719,-141,1221719,forward
-140,1222794,-140,1222794,forward
-139,1223200,-139,1223200,forward
-138,1223509,-138,1223509,forward
-137,1223579,-137,1223579,forward
-136,1224134,-136,1224134,forward
-135,1224750,-135,1224750,forward
-134,1225490,-134,1225490,forward
-133,1226328,-133,1226328,forward
-132,1227928,-132,1227928,forward
-131,1228128,-131,1228128,forward
-130,1229458,-130,1229458,forward
-129,1230489,-129,1230489,forward
-128,1231393,-128,1231393,forward
-127,1233562,-127,1233562,forward
-126,1234553,-126,1234553,forward
-125,1235632,-125,1235632,forward
-124,1237149,-124,1237149,forward
-123,1237112,-123,1237112,forward
-122,1237839,-122,1237839,forward
-121,1239058,-121,1239058,forward
-120,1240216,-120,1240216,forward
-119,1242077,-119,1242077,forward
-118,1245023,-118,1245023,forward
-117,1246323,-117,1246323,forward
-116,1248515,-116,1248515,forward
-115,1251631,-115,1251631,forward
-114,1252915,-114,1252915,forward
-113,1254165,-113,1254165,forward
-112,1255367,-112,1255367,forward
-111,1258097,-111,1258097,forward
-110,1259437,-110,1259437,forward
-109,1261459,-109,1261459,forward
-108,1262961,-108,1262961,forward
-107,1265459,-107,1265459,forward
-106,1266848,-106,1266848,forward
-105,1268461,-105,1268461,forward
-104,1270450,-104,1270450,forward
-103,1273189,-103,1273189,forward
-102,1275136,-102,1275136,forward
-101,1277342,-101,1277342,forward
-100,1279238,-100,1279238,forward
-99,1280810,-99,1280810,forward
-98,1283139,-98,1283139,forward
-97,1284057,-97,1284057,forward
-96,1285942,-96,1285942,forward
-95,1287576,-95,1287576,forward
-94,1288967,-94,1288967,forward
-93,1290810,-93,1290810,forward
-92,1292295,-92,1292295,forward
-91,1293186,-91,1293186,forward
-90,1294178,-90,1294178,forward
-89,1295797,-89,1295797,forward
-88,1296833,-88,1296833,forward
-87,1298471,-87,1298471,forward
-86,1299574,-86,1299574,forward
-85,1299944,-85,1299944,forward
-84,1301916,-84,1301916,forward
-83,1302140,-83,1302140,forward
-82,1302939,-82,1302939,forward
-81,1303934,-81,1303934,forward
-80,1303304,-80,1303304,forward
-79,1305016,-79,1305016,forward
-78,1305152,-78,1305152,forward
-77,1306539,-77,1306539,forward
-76,1307626,-76,1307626,forward
-75,1308685,-75,1308685,forward
-74,1309266,-74,1309266,forward
-73,1310193,-73,1310193,forward
-72,1309537,-72,1309537,forward
-71,1308612,-71,1308612,forward
-70,1308266,-70,1308266,forward
-69,1308902,-69,1308902,forward
-68,1309358,-68,1309358,forward
-67,1309964,-67,1309964,forward
-66,1310488,-66,1310488,forward
-65,1310885,-65,1310885,forward
-64,1310002,-64,1310002,forward
-63,1310719,-63,1310719,forward
-62,1311355,-62,1311355,forward
-61,1312076,-61,1312076,forward
-60,1312832,-60,1312832,forward
-59,1313760,-59,1313760,forward
-58,1314370,-58,1314370,forward
-57,1316329,-57,1316329,forward
-56,1317216,-56,1317216,forward
-55,1318427,-55,1318427,forward
-54,1319992,-54,1319992,forward
-53,1322077,-53,1322077,forward
-52,1323500,-52,1323500,forward
-51,1326443,-51,1326443,forward
-50,1328091,-50,1328091,forward
-49,1330803,-49,1330803,forward
-48,1331489,-48,1331489,forward
-47,1334873,-47,1334873,forward
-46,1337469,-46,1337469,forward
-45,1341180,-45,1341180,forward
-44,1344665,-44,1344665,forward
-43,1349721,-43,1349721,forward
-42,1352869,-42,1352869,forward
-41,1358189,-41,1358189,forward
-40,1361962,-40,1361962,forward
-39,1366528,-39,1366528,forward
-38,1371922,-38,1371922,forward
-37,1376123,-37,1376123,forward
-36,1381224,-36,1381224,forward
-35,1385739,-35,1385739,forward
-34,1389842,-34,1389842,forward
-33,1392280,-33,1392280,forward
-32,1396041,-32,1396041,forward
-31,1398396,-31,1398396,forward
-30,1402757,-30,1402757,forward
-29,1405890,-29,1405890,forward
-28,1407499,-28,1407499,forward
-27,1410447,-27,1410447,forward
-26,1412600,-26,1412600,forward
-25,1414993,-25,1414993,forward
-24,1417984,-24,1417984,forward
-23,1422044,-23,1422044,forward
-22,1425759,-22,1425759,forward
-21,1429019,-21,1429019,forward
-20,1431187,-20,1431187,forward
-19,1435501,-19,1435501,forward
-18,1438446,-18,1438446,forward
-17,1441893,-17,1441893,forward
-16,1444852,-16,1444852,forward
-15,1447991,-15,1447991,forward
-14,1453569,-14,1453569,forward
-13,1461363,-13,1461363,forward
-12,1466714,-12,1466714,forward
-11,1469939,-11,1469939,forward
-10,1475039,-10,1475039,forward
-9,1477501,-9,1477501,forward
-8,1480352,-8,1480352,forward
-7,1483667,-7,1483667,forward
-6,1486937,-6,1486937,forward
-5,1486759,-5,1486759,forward
-4,1487565,-4,1487565,forward
-3,1488551,-3,1488551,forward
-2,1488411,-2,1488411,forward
0,1585678,0,1585678,reverse
1,1583551,1,1583551,reverse
2,1585482,2,1585482,reverse
3,1584294,3,1584294,reverse
4,1584984,4,1584984,reverse
5,1583457,5,1583457,reverse
6,1581950,6,1581950,reverse
7,1580260,7,1580260,reverse
8,1578728,8,1578728,reverse
9,1576755,9,1576755,reverse
10,1574586,10,1574586,reverse
11,1572089,11,1572089,reverse
12,1567012,12,1567012,reverse
13,1564457,13,1564457,reverse
14,1561604,14,1561604,reverse
15,1559269,15,1559269,reverse
16,1557455,16,1557455,reverse
17,1556936,17,1556936,reverse
18,1555341,18,1555341,reverse
19,1553831,19,1553831,reverse
20,1552301,20,1552301,reverse
21,1550933,21,1550933,reverse
22,1548862,22,1548862,reverse
23,1547614,23,1547614,reverse
24,1546343,24,1546343,reverse
25,1544138,25,1544138,reverse
26,1542272,26,1542272,reverse
27,1540478,27,1540478,reverse
28,1539094,28,1539094,reverse
29,1537016,29,1537016,reverse
30,1535776,30,1535776,reverse
31,1532767,31,1532767,reverse
32,1529261,32,1529261,reverse
33,1526286,33,1526286,reverse
34,1523262,34,1523262,reverse
35,1519860,35,1519860,reverse
36,1516791,36,1516791,reverse
37,1513163,37,1513163,reverse
38,1511242,38,1511242,reverse
39,1507016,39,1507016,reverse
40,1504699,40,1504699,reverse
41,1503108,41,1503108,reverse
42,1500861,42,1500861,reverse
43,1498251,43,1498251,reverse
44,1496007,44,1496007,reverse
45,1494489,45,1494489,reverse
46,1492356,46,1492356,reverse
47,1491252,47,1491252,reverse
48,1491098,48,1491098,reverse
49,1489512,49,1489512,reverse
50,1489264,50,1489264,reverse
51,1488555,51,1488555,reverse
52,1487102,52,1487102,reverse
53,1485483,53,1485483,reverse
54,1486278,54,1486278,reverse
55,1484765,55,1484765,reverse
56,1484434,56,1484434,reverse
57,1484957,57,1484957,reverse
58,1484727,58,1484727,reverse
59,1485100,59,1485100,reverse
60,1485933,60,1485933,reverse
61,1485666,61,1485666,reverse
62,1486039,62,1486039,reverse
63,1485702,63,1485702,reverse
64,1485829,64,1485829,reverse
65,1485967,65,1485967,reverse
66,1487327,66,1487327,reverse
67,1487602,67,1487602,reverse
68,1487246,68,1487246,reverse
69,1487527,69,1487527,reverse
70,1488341,70,1488341,reverse
71,1488656,71,1488656,reverse
72,1488838,72,1488838,reverse
73,1487731,73,1487731,reverse
74,1487993,74,1487993,reverse
75,1487556,75,1487556,reverse
76,1487072,76,1487072,reverse
77,1487436,77,1487436,reverse
78,1487867,78,1487867,reverse
79,1487588,79,1487588,reverse
80,1487170,80,1487170,reverse
81,1486190,81,1486190,reverse
82,1485609,82,1485609,reverse
83,1484766,83,1484766,reverse
84,1483293,84,1483293,reverse
85,1482815,85,1482815,reverse
86,1481510,86,1481510,reverse
87,1481467,87,1481467,reverse
88,1480443,88,1480443,reverse
89,1479770,89,1479770,reverse
90,1477566,90,1477566,reverse
91,1476725,91,1476725,reverse
92,1475166,92,1475166,reverse
93,1474018,93,1474018,reverse
94,1472391,94,1472391,reverse
95,1470532,95,1470532,reverse
96,1469242,96,1469242,reverse
97,1467873,97,1467873,reverse
98,1467003,98,1467003,reverse
99,1463791,99,1463791,reverse
100,1462641,100,1462641,reverse
101,1460515,101,1460515,reverse
102,1459605,102,1459605,reverse
103,1457394,103,1457394,reverse
104,1456615,104,1456615,reverse
105,1453755,105,1453755,reverse
106,1451975,106,1451975,reverse
107,1450431,107,1450431,reverse
108,1449143,108,1449143,reverse
109,1447870,109,1447870,reverse
110,1445484,110,1445484,reverse
111,1443933,111,1443933,reverse
112,1442686,112,1442686,reverse
113,1440137,113,1440137,reverse
114,1438448,114,1438448,reverse
115,1435109,115,1435109,reverse
116,1433030,116,1433030,reverse
117,1431511,117,1431511,reverse
118,1430362,118,1430362,reverse
119,1429048,119,1429048,reverse
120,1427468,120,1427468,reverse
121,1426264,121,1426264,reverse
122,1424967,122,1424967,reverse
123,1422999,123,1422999,reverse
124,1420500,124,1420500,reverse
125,1419133,125,1419133,reverse
126,1418173,126,1418173,reverse
127,1417160,127,1417160,reverse
128,1415110,128,1415110,reverse
129,1412945,129,1412945,reverse
130,1410159,130,1410159,reverse
131,1409448,131,1409448,reverse
132,1408606,132,1408606,reverse
133,1407735,133,1407735,reverse
134,1408338,134,1408338,reverse
135,1406472,135,1406472,reverse
136,1404816,136,1404816,reverse
137,1403777,137,1403777,reverse
138,1402478,138,1402478,reverse
139,1401268,139,1401268,reverse
140,1400562,140,1400562,reverse
141,1399009,141,1399009,reverse
142,1397856,142,1397856,reverse
143,1396374,143,1396374,reverse
144,1394974,144,1394974,reverse
145,1393987,145,1393987,reverse
146,1393074,146,1393074,reverse
147,1391737,147,1391737,reverse
148,1390631,148,1390631,reverse
149,1388893,149,1388893,reverse
150,1388573,150,1388573,reverse
151,1387615,151,1387615,reverse
152,1385811,152,1385811,reverse
153,1384482,153,1384482,reverse
154,1383560,154,1383560,reverse
155,1383060,155,1383060,reverse
156,1381769,156,1381769,reverse
157,1380383,157,1380383,reverse
158,1379538,158,1379538,reverse
159,1378825,159,1378825,reverse
160,1376960,160,1376960,reverse
161,1375022,161,1375022,reverse
162,1373332,162,1373332,reverse
163,1373175,163,1373175,reverse
164,1371960,164,1371960,reverse
165,1371164,165,1371164,reverse
166,1370420,166,1370420,reverse
167,1368622,167,1368622,reverse
168,1366899,168,1366899,reverse
169,1364976,169,1364976,reverse
170,1363580,170,1363580,reverse
171,1362345,171,1362345,reverse
172,1361631,172,1361631,reverse
173,1361164,173,1361164,reverse
174,1360097,174,1360097,reverse
175,1359363,175,1359363,reverse
176,1357618,176,1357618,reverse
177,1356137,177,1356137,reverse
178,1354717,178,1354717,reverse
179,1354592,179,1354592,reverse
180,1353247,180,1353247,reverse
181,1351944,181,1351944,reverse
182,1350556,182,1350556,reverse
183,1349813,183,1349813,reverse
184,1349555,184,1349555,reverse
185,1348555,185,1348555,reverse
186,1347769,186,1347769,reverse
187,1346560,187,1346560,reverse
188,1346367,188,1346367,reverse
189,1344682,189,1344682,reverse
190,1343402,190,1343402,reverse
191,1342036,191,1342036,reverse
192,1341381,192,1341381,reverse
193,1339993,193,1339993,reverse
194,1338880,194,1338880,reverse
195,1338275,195,1338275,reverse
196,1337946,196,1337946,reverse
197,1336621,197,1336621,reverse
198,1334780,198,1334780,reverse
199,1333998,199,1333998,reverse
200,1333829,200,1333829,reverse
201,1331854,201,1331854,reverse
202,1331794,202,1331794,reverse
203,1331409,203,1331409,reverse
204,1330769,204,1330769,reverse
205,1329468,205,1329468,reverse
206,1327965,206,1327965,reverse
207,1327533,207,1327533,reverse
208,1325297,208,1325297,reverse
209,1323501,209,1323501,reverse
210,1322450,210,1322450,reverse
211,1320912,211,1320912,reverse
212,1320092,212,1320092,reverse
213,1319593,213,1319593,reverse
214,1317609,214,1317609,reverse
215,1316018,215,1316018,reverse
216,1315447,216,1315447,reverse
217,1314314,217,1314314,reverse
218,1312989,218,1312989,reverse
219,1311952,219,1311952,reverse
220,1310541,220,1310541,reverse
221,1309874,221,1309874,reverse
222,1308934,222,1308934,reverse
223,1306754,223,1306754,reverse
224,1305179,224,1305179,reverse
225,1304455,225,1304455,reverse
226,1302244,226,1302244,reverse
227,1301108,227,1301108,reverse
228,1299311,228,1299311,reverse
229,1298521,229,1298521,reverse
230,1296883,230,1296883,reverse
231,1295160,231,1295160,reverse
232,1295091,232,1295091,reverse
233,1294636,233,1294636,reverse
234,1294433,234,1294433,reverse
235,1293433,235,1293433,reverse
236,1293439,236,1293439,reverse
237,1291969,237,1291969,reverse
238,1290518,238,1290518,reverse
239,1289653,239,1289653,reverse
240,1287800,240,1287800,reverse
241,1287218,241,1287218,reverse
242,1286212,242,1286212,reverse
243,1285331,243,1285331,reverse
244,1284985,244,1284985,reverse
245,1284367,245,1284367,reverse
246,1283066,246,1283066,reverse
247,1282349,247,1282349,reverse
248,1282052,248,1282052,reverse
249,1281069,249,1281069,reverse
250,1280211,250,1280211,reverse
251,1279601,251,1279601,reverse
252,1278537,252,1278537,reverse
253,1277963,253,1277963,reverse
254,1276395,254,1276395,reverse
255,1275163,255,1275163,reverse
256,1274378,256,1274378,reverse
257,1273328,257,1273328,reverse
258,1271842,258,1271842,reverse
259,1270771,259,1270771,reverse
260,1270567,260,1270567,reverse
261,1269442,261,1269442,reverse
262,1268650,262,1268650,reverse
263,1267609,263,1267609,reverse
264,1267072,264,1267072,reverse
265,1265437,265,1265437,reverse
266,1265003,266,1265003,reverse
267,1262830,267,1262830,reverse
268,1261167,268,1261167,reverse
269,1261000,269,1261000,reverse
270,1259972,270,1259972,reverse
271,1258266,271,1258266,reverse
272,1258068,272,1258068,reverse
273,1257779,273,1257779,reverse
274,1255782,274,1255782,reverse
275,1255435,275,1255435,reverse
276,1255136,276,1255136,reverse
277,1254593,277,1254593,reverse
278,1253164,278,1253164,reverse
279,1251672,279,1251672,reverse
280,1250369,280,1250369,reverse
281,1249540,281,1249540,reverse
282,1248925,282,1248925,reverse
283,1247409,283,1247409,reverse
284,1246546,284,1246546,reverse
285,1245381,285,1245381,reverse
286,1245236,286,1245236,reverse
287,1244621,287,1244621,reverse
288,1242700,288,1242700,reverse
289,1241392,289,1241392,reverse
290,1240769,290,1240769,reverse
291,1240263,291,1240263,reverse
292,1238443,292,1238443,reverse
293,1238528,293,1238528,reverse
294,1238474,294,1238474,reverse
295,1236525,295,1236525,reverse
296,1235379,296,1235379,reverse
297,1234424,297,1234424,reverse
298,1233058,298,1233058,reverse
299,1232208,299,1232208,reverse
300,1230693,300,1230693,reverse
301,1229523,301,1229523,reverse
302,1227833,302,1227833,reverse
303,1226529,303,1226529,reverse
304,1224617,304,1224617,reverse
305,1224489,305,1224489,reverse
306,1222956,306,1222956,reverse
307,1221563,307,1221563,reverse
308,1220813,308,1220813,reverse
309,1220329,309,1220329,reverse
310,1219499,310,1219499,reverse
311,1217995,311,1217995,reverse
312,1216915,312,1216915,reverse
313,1215934,313,1215934,reverse
314,1214790,314,1214790,reverse
315,1213741,315,1213741,reverse
316,1212670,316,1212670,reverse
317,1212181,317,1212181,reverse
318,1212100,318,1212100,reverse
319,1211284,319,1211284,reverse
320,1210928,320,1210928,reverse
321,1209920,321,1209920,reverse
322,1208573,322,1208573,reverse
323,1208160,323,1208160,reverse
324,1207964,324,1207964,reverse
325,1207027,325,1207027,reverse
326,1205790,326,1205790,reverse
327,1205020,327,1205020,reverse
328,1203981,328,1203981,reverse
329,1202371,329,1202371,reverse
330,1201369,330,1201369,reverse
331,1200138,331,1200138,reverse
332,1199791,332,1199791,reverse
333,1199128,333,1199128,reverse
334,1197965,334,1197965,reverse
335,1197984,335,1197984,reverse
336,1197709,336,1197709,reverse
337,1197303,337,1197303,reverse
338,1197910,338,1197910,reverse
339,1198243,339,1198243,reverse
340,1197279,340,1197279,reverse
341,1196659,341,1196659,reverse
342,1197239,342,1197239,reverse
343,1195488,343,1195488,reverse
344,1194253,344,1194253,reverse
345,1193488,345,1193488,reverse
346,1192572,346,1192572,reverse
347,1191896,347,1191896,reverse
348,1190875,348,1190875,reverse
349,1189548,349,1189548,reverse
350,1189735,350,1189735,reverse
351,1189641,351,1189641,reverse
352,1189762,352,1189762,reverse
353,1189455,353,1189455,reverse
354,1188792,354,1188792,reverse
355,1187832,355,1187832,reverse
356,1187470,356,1187470,reverse
357,1186737,357,1186737,reverse
358,1186038,358,1186038,reverse
359,1184394,359,1184394,reverse
360,1183611,360,1183611,reverse
361,1182612,361,1182612,reverse
362,1181951,362,1181951,reverse
363,1181729,363,1181729,reverse
364,1182299,364,1182299,reverse
365,1181445,365,1181445,reverse
366,1181475,366,1181475,reverse
367,1180972,367,1180972,reverse
368,1180134,368,1180134,reverse
369,1179561,369,1179561,reverse
370,1179453,370,1179453,reverse
371,1178468,371,1178468,reverse
372,1178535,372,1178535,reverse
373,1176856,373,1176856,reverse
374,1176261,374,1176261,reverse
375,1175621,375,1175621,reverse
376,1175185,376,1175185,reverse
377,1174741,377,1174741,reverse
378,1173521,378,1173521,reverse
379,1172578,379,1172578,reverse
380,1171477,380,1171477,reverse
381,1169777,381,1169777,reverse
382,1169199,382,1169199,reverse
383,1168681,383,1168681,reverse
384,1168416,384,1168416,reverse
385,1167063,385,1167063,reverse
386,1166599,386,1166599,reverse
387,1165395,387,1165395,reverse
388,1164812,388,1164812,reverse
389,1163511,389,1163511,reverse
390,1163072,390,1163072,reverse
391,1162139,391,1162139,reverse
392,1161149,392,1161149,reverse
393,1160788,393,1160788,reverse
394,1159653,394,1159653,reverse
395,1159665,395,1159665,reverse
396,1160108,396,1160108,reverse
397,1160535,397,1160535,reverse
398,1160213,398,1160213,reverse
399,1160211,399,1160211,reverse
400,1158855,400,1158855,reverse
401,1158754,401,1158754,reverse
402,1158668,402,1158668,reverse
403,1157397,403,1157397,reverse
404,1157353,404,1157353,reverse
405,1157192,405,1157192,reverse
406,1157096,406,1157096,reverse
407,1156400,407,1156400,reverse
408,1156371,408,1156371,reverse
409,1156209,409,1156209,reverse
410,1155934,410,1155934,reverse
411,1154841,411,1154841,reverse
412,1154403,412,1154403,reverse
413,1154429,413,1154429,reverse
414,1154780,414,1154780,reverse
415,1154572,415,1154572,reverse
416,1154279,416,1154279,reverse
417,1154155,417,1154155,reverse
418,1154124,418,1154124,reverse
419,1153650,419,1153650,reverse
420,1153121,420,1153121,reverse
421,1152724,421,1152724,reverse
422,1151250,422,1151250,reverse
423,1150514,423,1150514,reverse
424,1150143,424,1150143,reverse
425,1148672,425,1148672,reverse
426,1148566,426,1148566,reverse
427,1147792,427,1147792,reverse
428,1146282,428,1146282,reverse
429,1146254,429,1146254,reverse
430,1145077,430,1145077,reverse
431,1143699,431,1143699,reverse
432,1142814,432,1142814,reverse
433,1141371,433,1141371,reverse
434,1140700,434,1140700,reverse
435,1140126,435,1140126,reverse
436,1138883,436,1138883,reverse
437,1137573,437,1137573,reverse
438,1136972,438,1136972,reverse
439,1136168,439,1136168,reverse
440,1135447,440,1135447,reverse
441,1134665,441,1134665,reverse
442,1134607,442,1134607,reverse
443,1133138,443,1133138,reverse
444,1132115,444,1132115,reverse
445,1131773,445,1131773,reverse
446,1131294,446,1131294,reverse
447,1130725,447,1130725,reverse
448,1129514,448,1129514,reverse
449,1129284,449,1129284,reverse
450,1128580,450,1128580,reverse
451,1128088,451,1128088,reverse
452,1127700,452,1127700,reverse
453,1127457,453,1127457,reverse
454,1127211,454,1127211,reverse
455,1125033,455,1125033,reverse
456,1125235,456,1125235,reverse
457,1125459,457,1125459,reverse
458,1125306,458,1125306,reverse
459,1125017,459,1125017,reverse
460,1125503,460,1125503,reverse
461,1125070,461,1125070,reverse
462,1124455,462,1124455,reverse
463,1124756,463,1124756,reverse
464,1125020,464,1125020,reverse
465,1125688,465,1125688,reverse
466,1124852,466,1124852,reverse
467,1124992,467,1124992,reverse
468,1125240,468,1125240,reverse
469,1125050,469,1125050,reverse
470,1124411,470,1124411,reverse
471,1124598,471,1124598,reverse
472,1124389,472,1124389,reverse
473,1124193,473,1124193,reverse
474,1124180,474,1124180,reverse
475,1123027,475,1123027,reverse
476,1122379,476,1122379,reverse
477,1121818,477,1121818,reverse
478,1121008,478,1121008,reverse
479,1120231,479,1120231,reverse
480,1119675,480,1119675,reverse
481,1119101,481,1119101,reverse
482,1118593,482,1118593,reverse
483,1118208,483,1118208,reverse
484,1117334,484,1117334,reverse
485,1117061,485,1117061,reverse
486,1115941,486,1115941,reverse
487,1116020,487,1116020,reverse
488,1115572,488,1115572,reverse
489,1114906,489,1114906,reverse
490,1115139,490,1115139,reverse
491,1115495,491,1115495,reverse
492,1115173,492,1115173,reverse
493,1114145,493,1114145,reverse
494,1114061,494,1114061,reverse
495,1112777,495,1112777,reverse
496,1112435,496,1112435,reverse
497,1111439,497,1111439,reverse
498,1111499,498,1111499,reverse
499,1110795,499,1110795,reverse
-1,1588521,-1,1588521,reverse
-499,1087582,-499,1087582,reverse
-498,1088653,-498,1088653,reverse
-497,1088223,-497,1088223,reverse
-496,1088230,-496,1088230,reverse
-495,1088064,-495,1088064,reverse
-494,1088465,-494,1088465,reverse
-493,1088279,-493,1088279,reverse
-492,1088306,-492,1088306,reverse
-491,1088901,-491,1088901,reverse
-490,1089540,-490,1089540,reverse
-489,1089949,-489,1089949,reverse
-488,1090638,-488,1090638,reverse
-487,1090925,-487,1090925,reverse
-486,1091086,-486,1091086,reverse
-485,1092180,-485,1092180,reverse
-484,1092105,-484,1092105,reverse
-483,1092442,-483,1092442,reverse
-482,1093264,-482,1093264,reverse
-481,1093592,-481,1093592,reverse
-480,1093746,-480,1093746,reverse
-479,1094210,-479,1094210,reverse
-478,1093908,-478,1093908,reverse
-477,1094451,-477,1094451,reverse
-476,1094870,-476,1094870,reverse
-475,1095714,-475,1095714,reverse
-474,1096706,-474,1096706,reverse
-473,1097472,-473,1097472,reverse
-472,1097175,-472,1097175,reverse
-471,1098059,-471,1098059,reverse
-470,1097848,-470,1097848,reverse
-469,1098851,-469,1098851,reverse
-468,1100234,-468,1100234,reverse
-467,1100811,-467,1100811,reverse
-466,1101082,-466,1101082,reverse
-465,1101897,-465,1101897,reverse
-464,1102155,-464,1102155,reverse
-463,1102331,-463,1102331,reverse
-462,1103246,-462,1103246,reverse
-461,1103491,-461,1103491,reverse
-460,1103925,-460,1103925,reverse
-459,1104746,-459,1104746,reverse
-458,1105145,-458,1105145,reverse
-457,1105646,-457,1105646,reverse
-456,1105213,-456,1105213,reverse
-455,1105060,-455,1105060,reverse
-454,1105361,-454,1105361,reverse
-453,1106195,-453,1106195,reverse
-452,1105797,-452,1105797,reverse
-451,1106422,-451,1106422,reverse
-450,1106390,-450,1106390,reverse
-449,1106475,-449,1106475,reverse
-448,1106293,-448,1106293,reverse
-447,1106265,-447,1106265,reverse
-446,1106373,-446,1106373,reverse
-445,1106693,-445,1106693,reverse
-444,1107293,-444,1107293,reverse
-443,1107985,-443,1107985,reverse
-442,1109014,-442,1109014,reverse
-441,1108944,-441,1108944,reverse
-440,1109684,-440,1109684,reverse
-439,1109678,-439,1109678,reverse
-438,1110195,-438,1110195,reverse
-437,1110859,-437,1110859,reverse
-436,1111594,-436,1111594,reverse
-435,1112238,-435,1112238,reverse
-434,1112321,-434,1112321,reverse
-433,1112820,-433,1112820,reverse
-432,1113419,-432,1113419,reverse
-431,1113551,-431,1113551,reverse
-430,1113823,-430,1113823,reverse
-429,1113378,-429,1113378,reverse
-428,1114539,-428,1114539,reverse
-427,1115349,-427,1115349,reverse
-426,1115196,-426,1115196,reverse
-425,1115528,-425,1115528,reverse
-424,1115400,-424,1115400,reverse
-423,1116885,-423,1116885,reverse
-422,1116881,-422,1116881,reverse
-421,1117295,-421,1117295,reverse
-420,1117809,-420,1117809,reverse
-419,1118646,-419,1118646,reverse
-418,1118298,-418,1118298,reverse
-417,1118509,-417,1118509,reverse
-416,1119669,-416,1119669,reverse
-415,1119828,-415,1119828,reverse
-414,1120467,-414,1120467,reverse
-413,1121444,-413,1121444,reverse
-412,1121915,-412,1121915,reverse
-411,1123389,-411,1123389,reverse
-410,1123887,-410,1123887,reverse
-409,1124640,-409,1124640,reverse
-408,1125288,-408,1125288,reverse
-407,1124895,-407,1124895,reverse
-406,1125371,-406,1125371,reverse
-405,1125794,-405,1125794,reverse
-404,1126413,-404,1126413,reverse
-403,1126295,-403,1126295,reverse
-402,1126549,-402,1126549,reverse
-401,1126771,-401,1126771,reverse
-400,1126699,-400,1126699,reverse
-399,1127388,-399,1127388,reverse
-398,1128045,-398,1128045,reverse
-397,1128817,-397,1128817,reverse
-396,1129209,-396,1129209,reverse
-395,1129663,-395,1129663,reverse
-394,1131316,-394,1131316,reverse
-393,1131818,-393,1131818,reverse
-392,1132540,-392,1132540,reverse
-391,1133430,-391,1133430,reverse
-390,1133932,-390,1133932,reverse
-389,1135508,-389,1135508,reverse
-388,1136084,-388,1136084,reverse
-387,1137132,-387,1137132,reverse
-386,1138193,-386,1138193,reverse
-385,1138969,-385,1138969,reverse
-384,1140570,-384,1140570,reverse
-383,1141793,-383,1141793,reverse
-382,1142064,-382,1142064,reverse
-381,1142983,-381,1142983,reverse
-380,1143855,-380,1143855,reverse
-379,1144671,-379,1144671,reverse
-378,1146491,-378,1146491,reverse
-377,1147918,-377,1147918,reverse
-376,1148727,-376,1148727,reverse
-375,1149475,-375,1149475,reverse
-374,1151243,-374,1151243,reverse
-373,1152172,-373,1152172,reverse
-372,1154068,-372,1154068,reverse
-371,1155097,-371,1155097,reverse
-370,1156680,-370,1156680,reverse
-369,1158011,-369,1158011,reverse
-368,1159741,-368,1159741,reverse
-367,1160774,-367,1160774,reverse
-366,1162495,-366,1162495,reverse
-365,1163209,-365,1163209,reverse
-364,1164207,-364,1164207,reverse
-363,1165702,-363,1165702,reverse
-362,1166783,-362,1166783,reverse
-361,1168165,-361,1168165,reverse
-360,1170008,-360,1170008,reverse
-359,1170985,-359,1170985,reverse
-358,1172399,-358,1172399,reverse
-357,1173539,-357,1173539,reverse
-356,1174895,-356,1174895,reverse
-355,1175706,-355,1175706,reverse
-354,1176996,-354,1176996,reverse
-353,1178022,-353,1178022,reverse
-352,1178988,-352,1178988,reverse
-351,1179912,-351,1179912,reverse
-350,1180866,-350,1180866,reverse
-349,1181112,-349,1181112,reverse
-348,1182512,-348,1182512,reverse
-347,1184356,-347,1184356,reverse
-346,1185671,-346,1185671,reverse
-345,1185689,-345,1185689,reverse
-344,1186894,-344,1186894,reverse
-343,1186921,-343,1186921,reverse
-342,1187842,-342,1187842,reverse
-341,1188525,-341,1188525,reverse
-340,1189577,-340,1189577,reverse
-339,1189651,-339,1189651,reverse
-338,1190582,-338,1190582,reverse
-337,1190892,-337,1190892,reverse
-336,1191741,-336,1191741,reverse
-335,1192353,-335,1192353,reverse
-334,1193249,-334,1193249,reverse
-333,1194196,-333,1194196,reverse
-332,1194745,-332,1194745,reverse
-331,1195402,-331,1195402,reverse
-330,1196912,-330,1196912,reverse
-329,1198475,-329,1198475,reverse
-328,1199802,-328,1199802,reverse
-327,1200393,-327,1200393,reverse
-326,1201555,-326,1201555,reverse
-325,1202396,-325,1202396,reverse
-324,1203714,-324,1203714,reverse
-323,1205440,-323,1205440,reverse
-322,1206933,-322,1206933,reverse
-321,1207849,-321,1207849,reverse
-320,1208892,-320,1208892,reverse
-319,1210720,-319,1210720,reverse
-318,1211955,-318,1211955,reverse
-317,1213108,-317,1213108,reverse
-316,1214719,-316,1214719,reverse
-315,1216620,-315,1216620,reverse
-314,1217978,-314,1217978,reverse
-313,1219967,-313,1219967,reverse
-312,1221225,-312,1221225,reverse
-311,1223211,-311,1223211,reverse
-310,1224635,-310,1224635,reverse
-309,1226544,-309,1226544,reverse
-308,1229252,-308,1229252,reverse
-307,1230848,-307,1230848,reverse
-306,1232171,-306,1232171,reverse
-305,1233500,-305,1233500,reverse
-304,1235121,-304,1235121,reverse
-303,1236157,-303,1236157,reverse
-302,1238326,-302,1238326,reverse
-301,1240763,-301,1240763,reverse
-300,1242396,-300,1242396,reverse
-299,1243425,-299,1243425,reverse
-298,1245244,-298,1245244,reverse
-297,1247772,-297,1247772,reverse
-296,1250040,-296,1250040,reverse
-295,1252059,-295,1252059,reverse
-294,1252568,-294,1252568,reverse
-293,1253909,-293,1253909,reverse
-292,1255090,-292,1255090,reverse
-291,1256904,-291,1256904,reverse
-290,1258978,-290,1258978,reverse
-289,1261345,-289,1261345,reverse
-288,1262134,-288,1262134,reverse
-287,1263370,-287,1263370,reverse
-286,1265221,-286,1265221,reverse
-285,1266269,-285,1266269,reverse
-284,1268044,-284,1268044,reverse
-283,1268959,-283,1268959,reverse
-282,1270625,-282,1270625,reverse
-281,1272681,-281,1272681,reverse
-280,1273776,-280,1273776,reverse
-279,1275351,-279,1275351,reverse
-278,1276424,-278,1276424,reverse
-277,1277249,-277,1277249,reverse
-276,1278839,-276,1278839,reverse
-275,1279253,-275,1279253,reverse
-274,1280395,-274,1280395,reverse
-273,1282170,-273,1282170,reverse
-272,1283890,-272,1283890,reverse
-271,1285818,-271,1285818,reverse
-270,1287321,-270,1287321,reverse
-269,1288303,-269,1288303,reverse
-268,1289609,-268,1289609,reverse
-267,1291233,-267,1291233,reverse
-266,1291155,-266,1291155,reverse
-265,1292194,-265,1292194,reverse
-264,1292869,-264,1292869,reverse
-263,1295135,-263,1295135,reverse
-262,1295569,-262,1295569,reverse
-261,1297695,-261,1297695,reverse
-260,1299556,-260,1299556,reverse
-259,1300117,-259,1300117,reverse
-258,1302886,-258,1302886,reverse
-257,1303505,-257,1303505,reverse
-256,1304101,-256,1304101,reverse
-255,1305813,-255,1305813,reverse
-254,1306394,-254,1306394,reverse
-253,1306691,-253,1306691,reverse
-252,1307216,-252,1307216,reverse
-251,1307929,-251,1307929,reverse
-250,1308036,-250,1308036,reverse
-249,1310133,-249,1310133,reverse
-248,1311622,-248,1311622,reverse
-247,1311799,-247,1311799,reverse
-246,1313577,-246,1313577,reverse
-245,1314924,-245,1314924,reverse
-244,1315512,-244,1315512,reverse
-243,1316680,-243,1316680,reverse
-242,1318244,-242,1318244,reverse
-241,1319920,-241,1319920,reverse
-240,1321778,-240,1321778,reverse
-239,1322115,-239,1322115,reverse
-238,1323680,-238,1323680,reverse
-237,1325573,-237,1325573,reverse
-236,1326441,-236,1326441,reverse
-235,1327404,-235,1327404,reverse
-234,1329441,-234,1329441,reverse
-233,1330683,-233,1330683,reverse
-232,1332795,-232,1332795,reverse
-231,1333560,-231,1333560,reverse
-230,1335619,-230,1335619,reverse
-229,1337122,-229,1337122,reverse
-228,1339190,-228,1339190,reverse
-227,1339333,-227,1339333,reverse
-226,1340697,-226,1340697,reverse
-225,1341931,-225,1341931,reverse
-224,1342536,-224,1342536,reverse
-223,1343373,-223,1343373,reverse
-222,1344541,-222,1344541,reverse
-221,1346311,-221,1346311,reverse
-220,1347366,-220,1347366,reverse
-219,1348978,-219,1348978,reverse
-218,1351261,-218,1351261,reverse
-217,1353282,-217,1353282,reverse
-216,1354628,-216,1354628,reverse
-215,1356852,-215,1356852,reverse
-214,1358936,-214,1358936,reverse
-213,1361158,-213,1361158,reverse
-212,1363057,-212,1363057,reverse
-211,1363555,-211,1363555,reverse
-210,1365431,-210,1365431,reverse
-209,1367426,-209,1367426,reverse
-208,1369688,-208,1369688,reverse
-207,1371982,-207,1371982,reverse
-206,1373121,-206,1373121,reverse
-205,1375240,-205,1375240,reverse
-204,1377356,-204,1377356,reverse
-203,1379201,-203,1379201,reverse
-202,1380414,-202,1380414,reverse
-201,1382581,-201,1382581,reverse
-200,1384556,-200,1384556,reverse
-199,1386157,-199,1386157,reverse
-198,1388236,-198,1388236,reverse
-197,1389814,-197,1389814,reverse
-196,1391645,-196,1391645,reverse
-195,1392481,-195,1392481,reverse
-194,1393826,-194,1393826,reverse
-193,1396173,-193,1396173,reverse
-192,1397183,-192,1397183,reverse
-191,1398907,-191,1398907,reverse
-190,1400848,-190,1400848,reverse
-189,1402308,-189,1402308,reverse
-188,1405255,-188,1405255,reverse
-187,1406927,-187,1406927,reverse
-186,1409214,-186,1409214,reverse
-185,1411163,-185,1411163,reverse
-184,1413286,-184,1413286,reverse
-183,1415155,-183,1415155,reverse
-182,1416827,-182,1416827,reverse
-181,1418486,-181,1418486,reverse
-180,1420556,-180,1420556,reverse
-179,1422746,-179,1422746,reverse
-178,1423572,-178,1423572,reverse
-177,1426326,-177,1426326,reverse
-176,1427566,-176,1427566,reverse
-175,1430251,-175,1430251,reverse
-174,1432128,-174,1432128,reverse
-173,1432997,-173,1432997,reverse
-172,1434055,-172,1434055,reverse
-171,1436058,-171,1436058,reverse
-170,1436711,-170,1436711,reverse
-169,1438145,-169,1438145,reverse
-168,1439865,-168,1439865,reverse
-167,1441246,-167,1441246,reverse
-166,1442685,-166,1442685,reverse
-165,1444316,-165,1444316,reverse
-164,1445046,-164,1445046,reverse
-163,1445882,-163,1445882,reverse
-162,1447222,-162,1447222,reverse
-161,1448754,-161,1448754,reverse
-160,1450423,-160,1450423,reverse
-159,1452820,-159,1452820,reverse
-158,1453435,-158,1453435,reverse
-157,1455067,-157,1455067,reverse
-156,1457008,-156,1457008,reverse
-155,1458449,-155,1458449,reverse
-154,1459572,-154,1459572,reverse
-153,1460780,-153,1460780,reverse
-152,1461438,-152,1461438,reverse
-151,1462975,-151,1462975,reverse
-150,1463818,-150,1463818,reverse
-149,1465193,-149,1465193,reverse
-148,1466324,-148,1466324,reverse
-147,1467161,-147,1467161,reverse
-146,1468244,-146,1468244,reverse
-145,1468318,-145,1468318,reverse
-144,1469838,-144,1469838,reverse
-143,1469943,-143,1469943,reverse
-142,1470593,-142,1470593,reverse
-141,1471484,-141,1471484,reverse
-140,1471747,-140,1471747,reverse
-139,1472951,-139,1472951,reverse
-138,1473501,-138,1473501,reverse
-137,1474658,-137,1474658,reverse
-136,1475817,-136,1475817,reverse
-135,1476352,-135,1476352,reverse
-134,1476136,-134,1476136,reverse
-133,1476763,-133,1476763,reverse
-132,1477006,-132,1477006,reverse
-131,1477525,-131,1477525,reverse
-130,1477839,-130,1477839,reverse
-129,1477872,-129,1477872,reverse
-128,1478343,-128,1478343,reverse
-127,1479494,-127,1479494,reverse
-126,1480006,-126,1480006,reverse
-125,1481395,-125,1481395,reverse
-124,1481605,-124,1481605,reverse
-123,1482584,-123,1482584,reverse
-122,1482647,-122,1482647,reverse
-121,1483605,-121,1483605,reverse
-120,1484062,-120,1484062,reverse
-119,1484132,-119,1484132,reverse
-118,1485126,-118,1485126,reverse
-117,1486353,-117,1486353,reverse
-116,1486113,-116,1486113,reverse
-115,1487285,-115,1487285,reverse
-114,1487545,-114,1487545,reverse
-113,1487684,-113,1487684,reverse
-112,1487531,-112,1487531,reverse
-111,1486946,-111,1486946,reverse
-110,1487144,-110,1487144,reverse
-109,1487113,-109,1487113,reverse
-108,1487391,-108,1487391,reverse
-107,1486962,-107,1486962,reverse
-106,1487722,-106,1487722,reverse
-105,1489571,-105,1489571,reverse
-104,1490602,-104,1490602,reverse
-103,1490399,-103,1490399,reverse
-102,1490814,-102,1490814,reverse
-101,1491704,-101,1491704,reverse
-100,1492313,-100,1492313,reverse
-99,1493153,-99,1493153,reverse
-98,1493624,-98,1493624,reverse
-97,1493233,-97,1493233,reverse
-96,1494643,-96,1494643,reverse
-95,1495290,-95,1495290,reverse
-94,1496933,-94,1496933,reverse
-93,1496979,-93,1496979,reverse
-92,1497164,-92,1497164,reverse
-91,1496742,-91,1496742,reverse
-90,1496581,-90,1496581,reverse
-89,1497530,-89,1497530,reverse
-88,1496485,-88,1496485,reverse
-87,1496571,-87,1496571,reverse
-86,1497406,-86,1497406,reverse
-85,1497138,-85,1497138,reverse
-84,1497954,-84,1497954,reverse
-83,1498430,-83,1498430,reverse
-82,1498764,-82,1498764,reverse
-81,1499547,-81,1499547,reverse
-80,1499746,-80,1499746,reverse
-79,1499264,-79,1499264,reverse
-78,1500329,-78,1500329,reverse
-77,1501647,-77,1501647,reverse
-76,1502117,-76,1502117,reverse
-75,1503743,-75,1503743,reverse
-74,1505009,-74,1505009,reverse
-73,1505437,-73,1505437,reverse
-72,1506197,-72,1506197,reverse
-71,1506754,-71,1506754,reverse
-70,1506381,-70,1506381,reverse
-69,1505731,-69,1505731,reverse
-68,1506213,-68,1506213,reverse
-67,1506857,-67,1506857,reverse
-66,1506274,-66,1506274,reverse
-65,1506249,-65,1506249,reverse
-64,1506964,-64,1506964,reverse
-63,1507447,-63,1507447,reverse
-62,1508380,-62,1508380,reverse
-61,1509195,-61,1509195,reverse
-60,1509832,-60,1509832,reverse
-59,1509360,-59,1509360,reverse
-58,1509616,-58,1509616,reverse
-57,1509316,-57,1509316,reverse
-56,1511082,-56,1511082,reverse
-55,1510374,-55,1510374,reverse
-54,1509509,-54,1509509,reverse
-53,1510045,-53,1510045,reverse
-52,1510848,-52,1510848,reverse
-51,1511092,-51,1511092,reverse
-50,1510367,-50,1510367,reverse
-49,1510581,-49,1510581,reverse
-48,1511625,-48,1511625,reverse
-47,1511930,-47,1511930,reverse
-46,1511711,-46,1511711,reverse
-45,1512680,-45,1512680,reverse
-44,1512633,-44,1512633,reverse
-43,1512951,-43,1512951,reverse
-42,1513915,-42,1513915,reverse
-41,1514747,-41,1514747,reverse
-40,1514266,-40,1514266,reverse
-39,1514980,-39,1514980,reverse
-38,1515833,-38,1515833,reverse
-37,1516745,-37,1516745,reverse
-36,1518390,-36,1518390,reverse
-35,1521178,-35,1521178,reverse
-34,1523517,-34,1523517,reverse
-33,1526525,-33,1526525,reverse
-32,1529143,-32,1529143,reverse
-31,1532321,-31,1532321,reverse
-30,1536604,-30,1536604,reverse
-29,1538711,-29,1538711,reverse
-28,1541745,-28,1541745,reverse
-27,1544763,-27,1544763,reverse
-26,1548340,-26,1548340,reverse
-25,1550507,-25,1550507,reverse
-24,1554598,-24,1554598,reverse
-23,1558354,-23,1558354,reverse
-22,1562409,-22,1562409,reverse
-21,1564225,-21,1564225,reverse
-20,1566592,-20,1566592,reverse
-19,1569139,-19,1569139,reverse
-18,1570507,-18,1570507,reverse
-17,1572292,-17,1572292,reverse
-16,1574279,-16,1574279,reverse
-15,1575303,-15,1575303,reverse
-14,1576538,-14,1576538,reverse
-13,1577832,-13,1577832,reverse
-12,1577958,-12,1577958,reverse
-11,1577778,-11,1577778,reverse
-10,1578516,-10,1578516,reverse
-9,1579398,-9,1579398,reverse
-8,1579885,-8,1579885,reverse
-7,1580385,-7,1580385,reverse
-6,1580336,-6,1580336,reverse
-5,1580733,-5,1580733,reverse
-4,1583650,-4,1583650,reverse
-3,1586271,-3,1586271,reverse
-2,1587201,-2,1587201,reverse
